Suite/Test/Step Name,Browser,Description,Tag,Start time,End time,Duration,Status
Amazon_Address_datafiles_testsuite,Chrome 121.0.0.0,,,08-02-2024 23:12:45,08-02-2024 23:16:52,4m - 7.113s,FAILED
,,,,,,,
Test Cases/Amazon/TC_Amazon_Address,Chrome 121.0.0.0,,,08-02-2024 23:14:56,08-02-2024 23:16:52,1m - 56.066s,FAILED
"openBrowser("""")",Chrome 121.0.0.0,,,08-02-2024 23:14:56,08-02-2024 23:15:03,6.435s,PASSED
"navigateToUrl(""https://www.amazon.in/"")",Chrome 121.0.0.0,,,08-02-2024 23:15:03,08-02-2024 23:15:05,2.708s,PASSED
"click(findTestObject(""Object Repository/Amazon_Address_OR/Page_Amazon.in/button_Continue shopping""))",Chrome 121.0.0.0,,,08-02-2024 23:15:05,08-02-2024 23:15:06,0.752s,PASSED
"click(findTestObject(""Object Repository/Amazon_Address_OR/Page_Online Shopping site in India Shop Onl_10c5f3/img__fluid-fat-image-link-v2_style_fluidLan_075a06""))",Chrome 121.0.0.0,,,08-02-2024 23:15:06,08-02-2024 23:15:41,35.239s,PASSED
"click(findTestObject(""Object Repository/Amazon_Address_OR/Page_Amazon.in/img_s-image""))",Chrome 121.0.0.0,,,08-02-2024 23:15:41,08-02-2024 23:16:18,37.187s,PASSED
"switchToWindowTitle(""Fire-Boltt Ninja Call Pro Plus 1.83"" Smart Watch with Bluetooth Calling, AI Voice Assistance, 100 Sports Modes IP67 Rating, 240 * 280 Pixel High Resolution : Amazon.in: Fashion"")",Chrome 121.0.0.0,,,08-02-2024 23:16:18,08-02-2024 23:16:52,33.724s,FAILED
